id_batiment,id_region,date_rapport,emission_CO2_kg,taux_recyclage
BAT030,REG01,2025-01-02,2753.0,0.63
BAT001,REG01,2025-01-02,2692.0,0.2
BAT035,REG01,2025-01-03,1379.0,0.88
BAT032,REG01,2025-01-03,2009.0,0.81
BAT013,REG01,2025-01-04,1747.0,0.75
BAT017,REG01,2025-01-04,1399.0,0.21
BAT026,REG01,2025-01-04,1139.0,0.68
BAT032,REG01,2025-01-04,504.0,0.29
BAT022,REG01,2025-01-05,515.0,0.81
BAT011,REG01,2025-01-05,1011.0,0.35
BAT029,REG01,2025-01-05,2849.0,0.2
BAT032,REG01,2025-01-06,1745.0,0.33
BAT026,REG01,2025-01-06,264.0,0.16
BAT012,REG01,2025-01-06,1031.0,1.92
BAT002,REG01,2025-01-07,2113.0,0.27
BAT029,REG01,2025-01-07,336.0,0.4
BAT014,REG01,2025-01-08,292.0,0.53
BAT022,REG01,2025-01-08,577.0,0.13
BAT026,REG01,2025-01-08,490.0,0.65
BAT030,REG01,2025-01-09,1915.0,0.63
BAT012,REG01,2025-01-09,179.0,0.59
BAT037,REG01,2025-01-10,1797.0,2.34
BAT014,REG01,2025-01-10,385.0,0.37
BAT011,REG01,2025-01-12,403.0,0.45
BAT037,REG01,2025-01-14,396.0,0.91
BAT022,REG01,2025-01-14,1397.0,0.89
BAT011,REG01,2025-01-14,453.0,0.18
BAT032,REG01,2025-01-15,272.0,0.35
BAT030,REG01,2025-01-15,818.0,0.48
BAT035,REG01,2025-01-15,2664.0,0.86
BAT037,REG01,2025-01-15,1527.0,0.94
BAT029,REG01,2025-01-15,1690.0,0.68
BAT014,REG01,2025-01-15,2591.0,
BAT013,REG01,2025-01-15,1721.0,0.25
BAT037,REG01,2025-01-16,968.0,0.71
BAT035,REG01,2025-01-17,1891.0,0.82
BAT002,REG01,2025-01-18,2615.0,0.19
BAT032,REG01,2025-01-19,2315.0,0.26
BAT012,REG01,2025-01-19,2398.0,0.19
BAT017,REG01,2025-01-20,1375.0,0.45
BAT022,REG01,2025-01-21,1347.0,2.5
BAT011,REG01,2025-01-21,1616.0,0.64
BAT017,REG01,2025-01-21,412.0,0.36
BAT012,REG01,2025-01-21,194.0,0.72
BAT011,REG01,2025-01-22,2565.0,0.85
BAT011,REG01,2025-01-22,2134.0,0.55
BAT002,REG01,2025-01-22,2283.0,0.28
BAT001,REG01,2025-01-23,1448.0,0.42
BAT029,REG01,2025-01-23,781.0,0.57
BAT012,REG01,2025-01-23,1028.0,0.57
BAT035,REG01,2025-01-23,2373.0,0.22
BAT013,REG01,2025-01-24,563.0,0.84
BAT030,REG01,2025-01-24,548.0,0.34
BAT029,REG01,2025-01-26,1478.0,0.19
BAT022,REG01,2025-01-26,1133.0,1.23
BAT001,REG01,2025-01-26,1421.0,0.11
BAT029,REG01,2025-01-26,1876.0,
BAT030,REG01,2025-01-27,2454.0,0.39
BAT030,REG01,2025-01-28,1449.0,0.1
BAT032,REG01,2025-01-28,2510.0,
BAT030,REG01,2025-01-29,697.0,
BAT017,REG01,2025-01-29,858.0,0.15
BAT030,REG01,2025-01-30,2061.0,0.84
BAT034,REG01,2025-01-31,371.0,0.65
BAT017,REG01,2025-01-31,2862.0,0.65
BAT013,REG01,2025-01-31,410.0,0.35
BAT037,REG01,2025-02-01,1222.0,0.42
BAT011,REG01,2025-02-02,2341.0,0.48
BAT037,REG01,2025-02-02,,0.32
BAT026,REG01,2025-02-03,,0.44
BAT001,REG01,2025-02-03,1991.0,0.39
BAT001,REG01,2025-02-04,1894.0,0.91
BAT013,REG01,2025-02-04,763.0,0.91
BAT011,REG01,2025-02-04,2323.0,0.65
BAT037,REG01,2025-02-05,930.0,0.33
BAT001,REG01,"Feb 05, 2025",2655.0,0.17
BAT022,REG01,2025-02-06,1319.0,0.26
BAT001,REG01,2025-02-06,1137.0,0.66
BAT037,REG01,2025-02-07,981.0,0.78
BAT002,REG01,2025-02-08,1055.0,0.37
BAT029,REG01,2025-02-08,324.0,0.6
BAT002,REG01,2025-02-08,474.0,0.83
BAT029,REG01,2025-02-09,1369.0,0.18
BAT011,REG01,2025-02-09,1267.0,0.86
BAT029,REG01,2025-02-10,1544.0,0.63
BAT002,REG01,2025-02-10,2885.0,0.35
BAT030,REG01,11-02-2025,637.0,0.48
BAT032,REG01,2025-02-12,1201.0,0.8
BAT017,REG01,2025-02-13,167.0,0.86
BAT035,REG01,2025-02-13,2475.0,0.43
BAT032,REG01,2025-02-13,121.0,
BAT017,REG01,2025-02-14,2803.0,0.48
BAT034,REG01,2025-02-14,415.0,0.62
BAT034,REG01,2025-02-14,1087.0,0.26
BAT011,REG01,2025-02-15,1536.0,0.75
BAT029,REG01,2025-02-17,1295.0,0.89
BAT013,REG01,2025-02-17,310.0,0.14
BAT037,REG01,2025-02-18,2938.0,0.31
BAT011,REG01,2025-02-18,774.0,0.34
BAT029,REG01,2025-02-18,2719.0,0.25
BAT014,REG01,2025-02-18,611.0,0.53
BAT037,REG01,2025-02-19,1822.0,0.85
BAT037,REG01,2025-02-19,2466.0,0.83
BAT032,REG01,2025-02-20,1352.0,0.79
BAT030,REG01,2025-02-20,569.0,0.67
BAT011,REG01,2025-02-20,,0.25
BAT002,REG01,2025-02-21,2309.0,0.22
BAT002,REG01,2025-02-21,396.0,0.69
BAT026,REG01,2025-02-22,,0.48
BAT034,REG01,2025-02-23,1343.0,0.38
BAT002,REG01,2025-02-23,1138.0,0.37
BAT034,REG01,2025-02-24,1706.0,0.61
BAT030,REG01,2025-02-24,1025.0,0.69
BAT035,REG01,2025-02-25,105.0,0.43
BAT013,REG01,"Feb 25, 2025",413.0,0.88
BAT037,REG01,2025-02-25,1915.0,0.51
BAT011,REG01,2025-02-25,392.0,0.47
BAT029,REG01,2025-02-26,133.0,
BAT012,REG01,2025-02-27,2069.0,0.28
BAT030,REG01,2025-02-27,1709.0,0.79
BAT026,REG01,2025-02-27,721.0,0.95
BAT032,REG01,2025-03-01,2513.0,
BAT002,REG01,2025-03-01,2880.0,0.28
BAT001,REG01,2025-03-01,,0.26
BAT034,REG01,2025-03-02,2836.0,0.63
BAT014,REG01,2025-03-02,515.0,0.75
BAT011,REG01,2025-03-03,1467.0,0.4
BAT002,REG01,2025-03-03,,0.22
BAT011,REG01,2025-03-03,757.0,
BAT014,REG01,2025-03-04,2604.0,0.15
BAT037,REG01,2025-03-04,379.0,0.3
BAT026,REG01,2025-03-05,173.0,0.92
BAT032,REG01,2025-03-05,2180.0,0.12
BAT017,REG01,2025-03-06,448.0,0.21
BAT022,REG01,2025-03-07,2801.0,0.71
BAT014,REG01,2025-03-07,1148.0,
BAT032,REG01,2025-03-07,750.0,0.26
BAT037,REG01,2025-03-07,1453.0,0.72
BAT001,REG01,2025-03-08,1987.0,0.1
BAT026,REG01,2025-03-08,2820.0,0.44
BAT032,REG01,2025-03-08,2115.0,0.61
BAT022,REG01,2025-03-09,1333.0,0.47
BAT013,REG01,2025-03-09,1268.0,0.63
BAT013,REG01,2025-03-11,2340.0,0.67
BAT001,REG01,2025-03-12,1899.0,0.27
BAT011,REG01,2025-03-13,605.0,0.18
BAT034,REG01,2025-03-13,1113.0,0.69
BAT034,REG01,2025-03-14,1358.0,0.73
BAT034,REG01,2025-03-14,313.0,
BAT002,REG01,2025-03-14,1917.0,0.94
BAT014,REG01,2025-03-14,1783.0,0.56
BAT035,REG01,2025-03-14,1711.0,0.26
BAT029,REG01,2025-03-14,2839.0,0.26
BAT011,REG01,2025-03-15,2569.0,0.45
BAT011,REG01,2025-03-16,1871.0,0.87
BAT029,REG01,2025-03-16,2283.0,0.43
BAT029,REG01,2025-03-16,,0.14
BAT013,REG01,2025-03-16,1831.0,0.87
BAT011,REG01,2025-03-17,2748.0,0.31
BAT014,REG01,2025-03-17,,0.64
BAT026,REG01,2025-03-17,1734.0,0.91
BAT017,REG01,2025-03-18,1624.0,0.81
BAT022,REG01,2025-03-18,1676.0,0.53
BAT032,REG01,2025-03-18,1207.0,0.53
BAT001,REG01,2025-03-18,1264.0,0.14
BAT030,REG01,2025-03-19,800.0,0.52
BAT017,REG01,2025-03-20,2641.0,0.71
BAT029,REG01,2025-03-20,1706.0,0.86
BAT034,REG01,2025-03-20,722.0,0.86
BAT026,REG01,2025/03/20,1584.0,0.66
BAT017,REG01,2025-03-20,1986.0,0.2
BAT014,REG01,2025-03-20,2916.0,0.23
BAT029,REG01,2025-03-20,,0.53
BAT011,REG01,21.03.2025,1634.0,0.8
BAT034,REG01,2025-03-21,1171.0,0.94
BAT013,REG01,2025-03-22,1143.0,0.41
BAT001,REG01,2025-03-22,2002.0,0.55
BAT037,REG01,2025-03-22,134.0,0.36
BAT017,REG01,2025-03-22,2770.0,0.71
BAT035,REG01,2025-03-23,1438.0,0.14
BAT002,REG01,2025-03-23,1755.0,0.28
BAT032,REG01,2025-03-23,122.0,0.94
BAT011,REG01,2025-03-24,1059.0,0.54
BAT034,REG01,2025-03-24,2218.0,0.32
BAT011,REG01,2025-03-24,2232.0,0.28
BAT034,REG01,2025-03-24,393.0,0.86
BAT030,REG01,2025-03-25,2781.0,0.5
BAT037,REG01,2025-03-25,2633.0,0.28
BAT013,REG01,2025-03-25,559.0,0.77
BAT037,REG01,2025-03-27,896.0,0.49
BAT011,REG01,2025-03-28,1376.0,0.18
BAT011,REG01,2025-03-28,1120.0,0.43
BAT017,REG01,2025-03-29,2639.0,0.45
BAT034,REG01,2025-03-29,619.0,0.93
BAT029,REG01,2025-03-29,500.0,0.73
BAT013,REG01,2025-03-29,2468.0,2.33
BAT011,REG01,2025-03-30,,0.64
BAT022,REG01,2025-03-30,2497.0,0.35
BAT017,REG01,2025-03-30,2248.0,0.22
BAT013,REG01,2025-03-31,1221.0,0.11
BAT031,REG02,2025-01-01,2425.0,0.84
BAT038,REG02,2025-01-01,1937.0,0.42
BAT032,REG02,2025-01-01,969.0,0.84
BAT018,REG02,2025/01/02,1982.0,0.35
BAT018,REG02,2025-01-02,848.0,
BAT003,REG02,2025-01-02,1967.0,0.28
BAT037,REG02,2025-01-03,1724.0,1.51
BAT038,REG02,2025-01-03,1045.0,0.86
BAT036,REG02,2025-01-03,1918.0,0.3
BAT032,REG02,2025-01-04,1992.0,0.87
BAT032,REG02,2025-01-05,1237.0,0.24
BAT031,REG02,2025-01-06,1379.0,0.43
BAT004,REG02,2025-01-06,2267.0,0.46
BAT032,REG02,2025-01-08,1939.0,0.13
BAT036,REG02,2025-01-09,1121.0,0.84
BAT010,REG02,2025-01-09,2703.0,0.41
BAT032,REG02,2025-01-09,1826.0,0.87
BAT030,REG02,2025-01-09,2030.0,0.4
BAT004,REG02,2025-01-09,850.0,0.74
BAT030,REG02,2025-01-10,288.0,0.92
BAT003,REG02,2025-01-11,2388.0,0.88
BAT003,REG02,2025-01-11,1308.0,0.61
BAT030,REG02,2025-01-11,2699.0,0.29
BAT016,REG02,2025-01-12,734.0,0.9
BAT010,REG02,2025-01-12,2696.0,0.4
BAT018,REG02,2025-01-12,298.0,0.43
BAT004,REG02,2025-01-12,1730.0,0.26
BAT003,REG02,2025-01-13,1631.0,0.45
BAT027,REG02,2025-01-14,2326.0,1.33
BAT031,REG02,2025-01-14,2431.0,0.41
BAT037,REG02,2025-01-14,1740.0,0.56
BAT037,REG02,2025-01-15,2135.0,0.12
BAT037,REG02,2025-01-16,1965.0,0.44
BAT032,REG02,2025-01-17,2857.0,0.62
BAT027,REG02,2025-01-17,798.0,0.37
BAT018,REG02,2025-01-18,1581.0,0.68
BAT003,REG02,2025-01-18,2488.0,0.29
BAT031,REG02,2025-01-18,1950.0,0.69
BAT019,REG02,2025-01-19,1937.0,0.59
BAT027,REG02,2025-01-19,1626.0,0.34
BAT004,REG02,2025-01-19,2397.0,0.45
BAT010,REG02,2025-01-19,1491.0,0.11
BAT027,REG02,2025-01-20,,0.68
BAT032,REG02,2025-01-21,2777.0,0.3
BAT004,REG02,2025-01-21,627.0,0.18
BAT010,REG02,2025-01-22,908.0,0.2
BAT019,REG02,2025-01-22,2560.0,0.18
BAT038,REG02,2025-01-22,797.0,0.21
BAT038,REG02,2025-01-23,,0.8
BAT030,REG02,2025-01-24,1636.0,0.47
BAT016,REG02,2025-01-24,1177.0,0.62
BAT031,REG02,2025-01-24,1789.0,0.32
BAT030,REG02,2025-01-25,1664.0,0.44
BAT016,REG02,2025-01-26,2012.0,0.73
BAT031,REG02,2025-01-26,2286.0,0.9
BAT038,REG02,2025-01-26,2487.0,
BAT019,REG02,2025-01-27,2006.0,
BAT030,REG02,2025-01-27,1440.0,0.69
BAT010,REG02,2025-01-28,1116.0,0.18
BAT031,REG02,2025-01-28,968.0,0.72
BAT004,REG02,2025-01-29,663.0,0.33
BAT038,REG02,2025-01-29,1370.0,0.26
BAT018,REG02,2025-01-29,169.0,
BAT030,REG02,2025-01-29,1718.0,0.2
BAT038,REG02,2025-01-30,2756.0,0.24
BAT027,REG02,2025-01-30,2499.0,0.65
BAT027,REG02,2025-01-30,1148.0,0.76
BAT037,REG02,2025-01-30,,0.73
BAT018,REG02,2025-01-31,1618.0,0.3
BAT027,REG02,2025-01-31,2482.0,0.15
BAT037,REG02,2025-02-01,2121.0,2.33
BAT037,REG02,2025-02-02,124.0,0.78
BAT038,REG02,2025-02-02,1661.0,0.72
BAT018,REG02,2025-02-03,2106.0,0.59
BAT004,REG02,2025-02-03,354.0,0.84
BAT030,REG02,2025-02-04,922.0,0.64
BAT018,REG02,2025-02-04,928.0,0.85
BAT037,REG02,2025-02-06,2634.0,0.19
BAT037,REG02,2025-02-06,2441.0,0.92
BAT016,REG02,2025-02-07,442.0,0.41
BAT027,REG02,2025-02-08,1812.0,0.81
BAT004,REG02,2025-02-09,1195.0,0.65
BAT030,REG02,2025-02-09,1937.0,0.44
BAT031,REG02,2025-02-09,2445.0,0.58
BAT032,REG02,2025-02-11,2474.0,0.81
BAT027,REG02,2025-02-12,918.0,0.66
BAT027,REG02,2025-02-12,1851.0,0.76
BAT032,REG02,2025-02-13,443.0,0.36
BAT010,REG02,2025-02-13,468.0,
BAT019,REG02,2025-02-13,1977.0,0.51
BAT032,REG02,2025-02-14,841.0,0.75
BAT018,REG02,2025-02-14,2736.0,0.27
BAT031,REG02,2025-02-14,273.0,
BAT036,REG02,2025-02-14,636.0,0.18
BAT031,REG02,2025-02-15,2514.0,0.8
BAT032,REG02,2025-02-16,2890.0,0.26
BAT016,REG02,2025-02-16,611.0,0.5
BAT003,REG02,2025-02-16,1208.0,0.76
BAT030,REG02,2025-02-16,,0.95
BAT030,REG02,2025-02-17,897.0,0.85
BAT032,REG02,2025-02-18,567.0,0.23
BAT019,REG02,2025-02-18,1575.0,0.84
BAT016,REG02,2025-02-19,2555.0,0.11
BAT016,REG02,2025-02-19,2968.0,0.59
BAT036,REG02,2025-02-19,,0.5
BAT036,REG02,2025-02-19,336.0,0.12
BAT031,REG02,2025-02-20,681.0,0.46
BAT004,REG02,2025-02-20,452.0,0.83
BAT004,REG02,2025-02-20,803.0,0.25
BAT036,REG02,2025-02-20,,0.81
BAT037,REG02,2025-02-21,2791.0,0.56
BAT032,REG02,2025-02-21,1765.0,
BAT016,REG02,2025-02-23,1649.0,0.41
BAT004,REG02,2025-02-23,2511.0,0.85
BAT018,REG02,2025-02-23,2166.0,1.88
BAT037,REG02,2025-02-24,1634.0,0.59
BAT027,REG02,2025-02-25,1990.0,0.7
BAT032,REG02,2025-02-25,2310.0,0.24
BAT031,REG02,2025-02-27,2333.0,0.39
BAT016,REG02,2025-02-28,2832.0,0.32
BAT036,REG02,2025-03-01,2627.0,0.91
BAT003,REG02,01.03.2025,1779.0,0.39
BAT038,REG02,2025-03-01,2852.0,2.18
BAT027,REG02,2025-03-01,1728.0,0.38
BAT031,REG02,2025-03-01,1143.0,0.64
BAT027,REG02,2025-03-02,1298.0,0.51
BAT018,REG02,2025-03-02,977.0,0.52
BAT036,REG02,2025-03-02,1798.0,
BAT018,REG02,2025-03-02,2748.0,0.86
BAT019,REG02,2025-03-02,,0.16
BAT027,REG02,2025-03-02,2807.0,0.91
BAT003,REG02,2025-03-03,1315.0,0.48
BAT030,REG02,2025-03-04,1842.0,0.44
BAT018,REG02,2025-03-04,566.0,0.43
BAT010,REG02,2025-03-05,191.0,0.15
BAT030,REG02,2025-03-06,1174.0,0.63
BAT010,REG02,2025-03-06,2076.0,0.31
BAT019,REG02,03/06/2025,119.0,0.23
BAT031,REG02,2025-03-06,564.0,0.9
BAT037,REG02,2025-03-07,522.0,0.24
BAT032,REG02,2025-03-07,526.0,0.79
BAT030,REG02,2025-03-07,1741.0,0.87
BAT003,REG02,2025-03-08,396.0,0.4
BAT016,REG02,2025-03-09,2361.0,0.31
BAT016,REG02,2025-03-12,1685.0,0.41
BAT003,REG02,2025-03-12,1952.0,0.28
BAT019,REG02,2025-03-14,1351.0,0.66
BAT027,REG02,2025-03-14,394.0,0.56
BAT003,REG02,2025-03-15,753.0,0.41
BAT032,REG02,2025-03-16,2603.0,0.11
BAT019,REG02,2025-03-17,1394.0,0.87
BAT037,REG02,2025-03-17,466.0,0.26
BAT037,REG02,2025-03-17,1478.0,0.67
BAT027,REG02,2025-03-17,569.0,0.83
BAT004,REG02,2025-03-18,1281.0,0.29
BAT004,REG02,"Mar 18, 2025",2085.0,0.17
BAT032,REG02,03/18/2025,2214.0,0.37
BAT038,REG02,2025-03-19,2719.0,0.72
BAT019,REG02,2025-03-19,2949.0,0.7
BAT037,REG02,2025-03-19,349.0,0.55
BAT032,REG02,2025-03-19,1948.0,0.29
BAT027,REG02,2025-03-20,711.0,0.68
BAT010,REG02,2025-03-20,692.0,0.25
BAT031,REG02,2025-03-20,702.0,0.16
BAT003,REG02,2025-03-21,1183.0,0.66
BAT032,REG02,2025-03-21,1605.0,0.81
BAT027,REG02,2025-03-21,2703.0,0.8
BAT019,REG02,2025-03-22,2542.0,
BAT038,REG02,2025-03-22,2271.0,0.56
BAT032,REG02,2025-03-22,610.0,0.36
BAT036,REG02,2025-03-23,,0.25
BAT030,REG02,2025-03-23,1672.0,0.93
BAT019,REG02,2025-03-23,979.0,0.41
BAT036,REG02,2025-03-23,1901.0,0.18
BAT004,REG02,2025-03-24,669.0,0.85
BAT018,REG02,2025-03-24,2964.0,
BAT003,REG02,2025-03-24,1251.0,0.88
BAT010,REG02,2025-03-24,2455.0,0.65
BAT004,REG02,2025-03-24,569.0,0.34
BAT036,REG02,2025-03-24,879.0,0.83
BAT032,REG02,2025-03-25,,0.59
BAT010,REG02,2025-03-25,974.0,0.43
BAT032,REG02,2025-03-25,2585.0,0.14
BAT004,REG02,2025-03-25,2351.0,0.7
BAT036,REG02,2025-03-25,1267.0,0.19
BAT037,REG02,2025-03-25,1812.0,0.32
BAT031,REG02,2025-03-27,1099.0,0.76
BAT032,REG02,2025-03-27,1456.0,0.36
BAT031,REG02,2025-03-27,,0.19
BAT004,REG02,2025-03-27,2463.0,0.65
BAT003,REG02,2025-03-27,1062.0,0.74
BAT003,REG02,2025-03-28,362.0,0.24
BAT027,REG02,2025-03-29,1293.0,0.82
BAT004,REG02,2025-03-30,679.0,0.43
BAT004,REG02,2025-03-30,2588.0,0.4
BAT027,REG02,2025-03-30,1642.0,0.25
BAT032,REG02,2025-03-31,2045.0,0.77
BAT004,REG02,2025-03-31,2833.0,0.66
BAT010,REG02,2025-03-31,1294.0,0.95
BAT038,REG02,2025-03-31,842.0,0.57
BAT006,REG03,2025-01-01,217.0,0.75
BAT020,REG03,01/02/2025,1116.0,0.52
BAT003,REG03,2025-01-02,584.0,0.28
BAT023,REG03,2025-01-02,911.0,0.56
BAT037,REG03,2025-01-02,2398.0,0.83
BAT033,REG03,2025-01-04,,0.2
BAT009,REG03,2025-01-05,350.0,0.75
BAT009,REG03,2025-01-05,1544.0,
BAT027,REG03,2025-01-05,,0.82
BAT037,REG03,2025-01-05,2764.0,0.56
BAT037,REG03,2025-01-08,777.0,0.93
BAT011,REG03,2025-01-08,1271.0,0.18
BAT037,REG03,2025-01-08,2644.0,0.58
BAT031,REG03,2025-01-08,2859.0,0.73
BAT005,REG03,2025-01-09,1168.0,
BAT040,REG03,2025-01-10,2196.0,
BAT007,REG03,2025-01-10,2824.0,0.92
BAT040,REG03,2025-01-10,1549.0,0.85
BAT006,REG03,2025-01-10,,0.56
BAT033,REG03,2025-01-10,2856.0,0.56
BAT029,REG03,2025-01-11,2625.0,0.36
BAT009,REG03,2025-01-11,590.0,
BAT037,REG03,2025-01-12,2616.0,0.16
BAT001,REG03,2025-01-13,2387.0,0.16
BAT040,REG03,2025-01-13,2575.0,0.86
BAT037,REG03,2025-01-13,1444.0,0.44
BAT029,REG03,2025-01-13,1104.0,0.63
BAT003,REG03,2025-01-14,1693.0,0.6
BAT027,REG03,2025-01-14,2479.0,0.39
BAT023,REG03,2025-01-15,2535.0,0.56
BAT006,REG03,2025-01-16,1696.0,0.37
BAT023,REG03,2025-01-16,2680.0,0.45
BAT007,REG03,2025-01-17,2846.0,0.26
BAT037,REG03,2025-01-17,1805.0,1.95
BAT006,REG03,2025-01-17,231.0,0.19
BAT027,REG03,2025-01-18,1922.0,0.82
BAT006,REG03,2025-01-18,2749.0,0.33
BAT037,REG03,2025-01-18,1846.0,0.71
BAT016,REG03,2025-01-19,1903.0,0.37
BAT001,REG03,2025-01-19,788.0,0.87
BAT040,REG03,2025-01-19,2419.0,0.76
BAT033,REG03,2025-01-20,1974.0,0.18
BAT023,REG03,2025-01-20,,0.75
BAT007,REG03,2025-01-20,,0.31
BAT016,REG03,2025-01-21,2245.0,0.46
BAT029,REG03,2025-01-21,2296.0,0.83
BAT031,REG03,2025-01-21,2044.0,0.48
BAT040,REG03,2025-01-22,1281.0,0.61
BAT007,REG03,2025-01-23,,0.72
BAT027,REG03,2025-01-24,2641.0,0.8
BAT023,REG03,2025-01-25,2136.0,0.9
BAT005,REG03,2025-01-25,1863.0,0.72
BAT003,REG03,2025-01-26,1449.0,0.74
BAT007,REG03,2025-01-26,2993.0,0.67
BAT020,REG03,2025-01-27,563.0,0.89
BAT033,REG03,2025-01-27,1919.0,0.18
BAT027,REG03,2025-01-27,2380.0,
BAT006,REG03,2025-01-30,1727.0,0.36
BAT009,REG03,2025-01-30,1385.0,0.36
BAT027,REG03,2025-01-31,116.0,0.63
BAT035,REG03,2025-01-31,,0.74
BAT016,REG03,2025-01-31,1286.0,0.73
BAT035,REG03,2025-01-31,1353.0,0.3
BAT020,REG03,2025-01-31,890.0,0.27
BAT027,REG03,2025/02/01,1416.0,0.89
BAT029,REG03,2025-02-01,187.0,0.19
BAT023,REG03,2025-02-03,248.0,0.2
BAT006,REG03,2025-02-03,1902.0,0.67
BAT006,REG03,2025-02-03,2911.0,0.74
BAT020,REG03,2025-02-03,2509.0,0.76
BAT011,REG03,2025-02-04,154.0,0.67
BAT001,REG03,2025-02-05,2416.0,
BAT020,REG03,2025-02-07,1721.0,
BAT037,REG03,2025-02-08,2107.0,0.37
BAT006,REG03,2025-02-08,2738.0,0.36
BAT011,REG03,2025-02-08,2065.0,0.81
BAT028,REG03,2025-02-09,2102.0,0.24
BAT011,REG03,2025-02-09,530.0,0.77
BAT027,REG03,2025-02-09,997.0,0.4
BAT005,REG03,2025-02-09,1549.0,0.27
BAT037,REG03,2025-02-09,,0.29
BAT001,REG03,2025-02-09,106.0,0.86
BAT027,REG03,2025-02-09,221.0,0.37
BAT027,REG03,2025-02-10,469.0,0.63
BAT028,REG03,2025-02-11,1620.0,0.66
BAT031,REG03,2025-02-11,2640.0,0.68
BAT033,REG03,2025-02-12,2035.0,
BAT005,REG03,2025-02-13,2016.0,0.45
BAT016,REG03,2025-02-13,2035.0,0.26
BAT001,REG03,2025-02-14,1816.0,0.17
BAT023,REG03,2025-02-14,2672.0,0.2
BAT040,REG03,2025-02-14,2775.0,0.38
BAT001,REG03,2025-02-15,1011.0,0.65
BAT003,REG03,2025-02-15,108.0,0.23
BAT003,REG03,2025-02-15,602.0,0.12
BAT011,REG03,2025-02-16,1844.0,0.21
BAT035,REG03,2025-02-17,574.0,0.78
BAT027,REG03,"Feb 18, 2025",263.0,0.11
BAT003,REG03,2025-02-18,2784.0,0.74
BAT001,REG03,2025-02-19,1399.0,0.91
BAT029,REG03,2025-02-19,1572.0,0.44
BAT033,REG03,2025-02-19,947.0,0.37
BAT027,REG03,2025-02-19,2676.0,0.61
BAT035,REG03,19-02-2025,1798.0,0.11
BAT003,REG03,2025-02-20,915.0,0.33
BAT033,REG03,2025-02-21,2522.0,0.36
BAT031,REG03,2025-02-22,1217.0,0.33
BAT006,REG03,2025-02-23,2416.0,0.44
BAT011,REG03,2025-02-23,630.0,0.43
BAT009,REG03,2025-02-25,227.0,0.63
BAT005,REG03,2025-02-25,1940.0,0.61
BAT040,REG03,2025-02-26,238.0,0.5
BAT001,REG03,2025-02-26,1409.0,0.8
BAT029,REG03,2025-02-26,2522.0,0.71
BAT006,REG03,2025-02-27,1146.0,2.01
BAT007,REG03,2025-02-27,732.0,
BAT001,REG03,2025-02-28,1667.0,0.82
BAT040,REG03,2025-02-28,2745.0,0.47
BAT006,REG03,2025-03-01,1995.0,0.88
BAT009,REG03,2025-03-02,815.0,0.18
BAT037,REG03,2025-03-03,1042.0,0.94
BAT007,REG03,2025-03-04,1386.0,0.36
BAT035,REG03,2025-03-04,2532.0,0.25
BAT005,REG03,2025-03-04,2147.0,0.57
BAT003,REG03,2025-03-05,2336.0,0.44
BAT020,REG03,2025-03-05,2703.0,0.62
BAT028,REG03,2025-03-05,1766.0,0.52
BAT003,REG03,2025-03-05,484.0,0.68
BAT003,REG03,2025-03-06,2478.0,2.18
BAT029,REG03,2025-03-06,2153.0,0.2
BAT009,REG03,2025-03-06,2591.0,0.78
BAT027,REG03,2025-03-07,864.0,0.94
BAT031,REG03,2025-03-07,1824.0,0.7
BAT005,REG03,2025-03-07,1185.0,0.53
BAT028,REG03,2025-03-07,1974.0,0.89
BAT006,REG03,2025-03-08,2389.0,0.66
BAT027,REG03,2025-03-08,1030.0,0.83
BAT006,REG03,2025-03-08,2467.0,0.6
BAT027,REG03,2025-03-08,2282.0,0.81
BAT029,REG03,2025-03-08,1226.0,0.61
BAT005,REG03,2025-03-08,2030.0,0.81
BAT033,REG03,2025-03-09,666.0,0.53
BAT011,REG03,2025-03-09,977.0,0.92
BAT006,REG03,2025-03-11,241.0,0.11
BAT033,REG03,2025-03-12,2287.0,0.57
BAT031,REG03,2025-03-12,2575.0,0.33
BAT040,REG03,2025-03-12,2304.0,0.5
BAT027,REG03,2025-03-12,672.0,0.3
BAT040,REG03,2025-03-12,1644.0,0.3
BAT005,REG03,2025-03-13,373.0,0.12
BAT011,REG03,2025-03-13,659.0,0.41
BAT035,REG03,2025-03-14,1485.0,0.69
BAT028,REG03,14-03-2025,1508.0,0.37
BAT006,REG03,2025-03-16,,0.24
BAT020,REG03,2025-03-16,157.0,
BAT040,REG03,2025-03-16,2141.0,0.61
BAT020,REG03,2025-03-17,1715.0,0.59
BAT040,REG03,2025-03-17,,0.19
BAT011,REG03,2025-03-17,733.0,0.77
BAT035,REG03,2025-03-18,2365.0,0.76
BAT007,REG03,2025-03-18,865.0,0.42
BAT029,REG03,2025-03-18,1300.0,0.31
BAT027,REG03,2025-03-18,498.0,0.44
BAT033,REG03,2025-03-19,1925.0,0.92
BAT033,REG03,2025-03-19,2939.0,1.99
BAT003,REG03,2025-03-20,736.0,0.61
BAT005,REG03,2025-03-20,703.0,0.78
BAT028,REG03,2025-03-20,461.0,0.84
BAT040,REG03,2025-03-20,339.0,0.94
BAT023,REG03,2025-03-20,622.0,0.43
BAT016,REG03,2025-03-20,313.0,0.32
BAT037,REG03,2025-03-21,928.0,0.15
BAT028,REG03,2025-03-21,2899.0,0.94
BAT007,REG03,2025-03-22,1018.0,0.92
BAT031,REG03,2025-03-22,1764.0,0.27
BAT027,REG03,2025-03-22,1951.0,0.47
BAT033,REG03,2025-03-23,398.0,0.75
BAT040,REG03,2025-03-24,2234.0,0.93
BAT031,REG03,2025-03-24,450.0,0.73
BAT035,REG03,2025-03-24,476.0,0.2
BAT029,REG03,2025-03-24,2150.0,0.51
BAT009,REG03,2025-03-24,2381.0,0.77
BAT016,REG03,2025-03-24,1065.0,0.62
BAT020,REG03,2025-03-25,2180.0,0.1
BAT011,REG03,2025-03-25,807.0,0.4
BAT003,REG03,2025-03-25,227.0,0.87
BAT040,REG03,2025-03-25,334.0,0.69
BAT009,REG03,2025-03-26,110.0,0.7
BAT007,REG03,2025-03-26,622.0,0.73
BAT035,REG03,2025-03-27,2047.0,0.89
BAT027,REG03,2025-03-27,1503.0,0.82
BAT001,REG03,2025-03-27,1854.0,2.43
BAT020,REG03,2025-03-28,1257.0,0.86
BAT031,REG03,2025-03-28,142.0,0.21
BAT029,REG03,2025-03-28,377.0,0.1
BAT029,REG03,2025-03-28,2299.0,0.4
BAT011,REG03,2025-03-29,2204.0,0.45
BAT020,REG03,2025-03-29,2921.0,0.42
BAT027,REG03,2025-03-29,1862.0,0.86
BAT033,REG03,2025-03-30,1823.0,0.9
BAT039,REG04,2025-01-01,889.0,0.54
BAT019,REG04,2025-01-01,1539.0,0.87
BAT013,REG04,2025-01-01,830.0,0.24
BAT032,REG04,2025-01-03,148.0,0.19
BAT024,REG04,2025-01-04,1413.0,
BAT038,REG04,2025-01-04,381.0,0.81
BAT025,REG04,2025-01-06,279.0,0.62
BAT024,REG04,2025-01-06,2066.0,0.45
BAT032,REG04,2025-01-06,2467.0,
BAT008,REG04,2025-01-08,1652.0,0.25
BAT039,REG04,2025-01-08,1537.0,0.68
BAT007,REG04,2025-01-08,2075.0,0.12
BAT025,REG04,2025-01-08,349.0,0.29
BAT018,REG04,2025-01-08,329.0,0.4
BAT032,REG04,2025-01-09,483.0,0.69
BAT025,REG04,2025-01-09,,0.71
BAT035,REG04,2025-01-09,2542.0,0.91
BAT008,REG04,2025-01-10,387.0,0.85
BAT039,REG04,2025-01-10,2906.0,0.14
BAT008,REG04,2025-01-10,2625.0,0.28
BAT032,REG04,2025-01-11,351.0,0.49
BAT035,REG04,2025-01-12,258.0,0.22
BAT038,REG04,2025-01-12,2335.0,0.12
BAT039,REG04,2025-01-12,1240.0,0.35
BAT032,REG04,2025-01-12,2162.0,0.11
BAT032,REG04,2025-01-12,1678.0,0.61
BAT035,REG04,2025-01-13,2230.0,0.13
BAT008,REG04,2025-01-13,365.0,0.8
BAT007,REG04,2025-01-13,1032.0,0.7
BAT013,REG04,2025-01-13,1644.0,0.27
BAT008,REG04,2025-01-14,1381.0,0.76
BAT032,REG04,2025-01-14,1670.0,0.46
BAT018,REG04,2025-01-15,668.0,0.6
BAT008,REG04,2025-01-15,2787.0,
BAT039,REG04,16-01-2025,959.0,0.31
BAT038,REG04,2025-01-17,1342.0,0.74
BAT018,REG04,2025-01-17,1405.0,0.42
BAT008,REG04,2025-01-17,978.0,0.41
BAT024,REG04,2025-01-18,1852.0,0.46
BAT035,REG04,2025-01-18,2393.0,0.51
BAT024,REG04,2025-01-18,1234.0,0.86
BAT024,REG04,2025-01-19,,0.64
BAT008,REG04,"Jan 19, 2025",1023.0,0.31
BAT008,REG04,2025-01-19,457.0,0.43
BAT008,REG04,2025-01-19,1392.0,0.54
BAT024,REG04,2025-01-19,435.0,0.13
BAT035,REG04,2025-01-19,2712.0,0.73
BAT024,REG04,2025-01-19,2687.0,0.48
BAT008,REG04,2025-01-20,1803.0,0.44
BAT032,REG04,2025-01-21,2799.0,0.84
BAT038,REG04,2025-01-21,882.0,0.78
BAT025,REG04,2025-01-22,2363.0,0.14
BAT035,REG04,2025-01-22,720.0,0.31
BAT019,REG04,2025-01-22,2169.0,0.78
BAT035,REG04,2025-01-22,2375.0,0.46
BAT025,REG04,2025-01-22,2412.0,0.55
BAT035,REG04,2025-01-22,,0.57
BAT035,REG04,2025-01-25,887.0,0.46
BAT038,REG04,2025-01-25,1444.0,0.79
BAT024,REG04,2025-01-25,1540.0,0.13
BAT019,REG04,2025-01-25,945.0,0.64
BAT025,REG04,2025-01-25,2348.0,0.78
BAT019,REG04,2025-01-26,1269.0,0.72
BAT007,REG04,2025-01-26,422.0,0.95
BAT018,REG04,2025-01-26,2299.0,0.68
BAT039,REG04,2025-01-27,,0.57
BAT025,REG04,2025-01-28,2530.0,0.59
BAT013,REG04,2025-01-28,1186.0,0.62
BAT019,REG04,2025-01-28,2249.0,0.84
BAT038,REG04,2025-01-29,943.0,0.93
BAT039,REG04,2025-01-30,198.0,0.48
BAT013,REG04,2025-01-30,1566.0,0.48
BAT035,REG04,2025-01-30,2906.0,0.68
BAT008,REG04,2025-01-30,298.0,0.29
BAT038,REG04,2025-02-01,735.0,0.18
BAT025,REG04,2025-02-01,166.0,0.35
BAT038,REG04,2025-02-01,552.0,0.94
BAT007,REG04,2025-02-01,2850.0,2.28
BAT038,REG04,2025-02-02,2740.0,0.45
BAT019,REG04,2025-02-03,1109.0,0.6
BAT007,REG04,2025-02-03,318.0,0.11
BAT025,REG04,2025-02-04,1155.0,0.4
BAT007,REG04,2025-02-04,1007.0,0.43
BAT008,REG04,2025-02-04,1076.0,0.16
BAT038,REG04,2025-02-05,2358.0,0.46
BAT013,REG04,2025-02-05,451.0,0.64
BAT008,REG04,2025-02-05,548.0,0.15
BAT039,REG04,2025-02-06,1843.0,1.87
BAT032,REG04,2025-02-07,2332.0,0.88
BAT024,REG04,2025-02-07,,0.74
BAT035,REG04,2025-02-07,2394.0,0.82
BAT025,REG04,2025-02-07,2278.0,0.89
BAT019,REG04,2025-02-08,2358.0,0.2
BAT032,REG04,2025-02-08,2549.0,0.82
BAT035,REG04,2025-02-08,1500.0,0.95
BAT038,REG04,2025-02-09,662.0,0.33
BAT032,REG04,2025-02-09,2462.0,0.15
BAT032,REG04,2025-02-09,859.0,0.85
BAT038,REG04,2025-02-10,1210.0,0.43
BAT035,REG04,2025-02-10,705.0,0.45
BAT038,REG04,2025-02-10,1303.0,0.15
BAT035,REG04,2025-02-11,211.0,0.47
BAT038,REG04,2025-02-12,623.0,0.9
BAT008,REG04,2025-02-12,630.0,0.27
BAT013,REG04,2025-02-12,2530.0,0.34
BAT018,REG04,2025-02-13,2906.0,0.44
BAT035,REG04,2025-02-13,631.0,0.71
BAT025,REG04,"Feb 13, 2025",2096.0,0.4
BAT008,REG04,2025-02-14,747.0,0.48
BAT038,REG04,2025-02-15,1045.0,0.23
BAT019,REG04,2025-02-15,2450.0,0.33
BAT008,REG04,2025-02-15,2738.0,
BAT025,REG04,2025-02-15,1797.0,0.29
BAT007,REG04,2025-02-15,2813.0,0.68
BAT038,REG04,2025-02-16,2202.0,0.86
BAT024,REG04,2025-02-17,1762.0,0.92
BAT007,REG04,2025-02-17,302.0,0.32
BAT013,REG04,2025-02-17,2155.0,0.7
BAT039,REG04,2025-02-18,,0.79
BAT032,REG04,2025-02-18,2592.0,0.43
BAT008,REG04,2025-02-19,1206.0,0.37
BAT008,REG04,2025-02-20,676.0,0.14
BAT024,REG04,2025-02-21,2707.0,0.56
BAT007,REG04,2025-02-22,2792.0,0.82
BAT038,REG04,2025-02-22,828.0,0.9
BAT025,REG04,2025-02-22,2902.0,0.22
BAT008,REG04,2025-02-22,351.0,0.67
BAT038,REG04,2025-02-23,1812.0,0.72
BAT024,REG04,2025-02-23,273.0,1.51
BAT025,REG04,2025-02-23,653.0,0.41
BAT007,REG04,2025-02-23,279.0,0.45
BAT019,REG04,2025-02-24,2152.0,0.81
BAT025,REG04,2025-02-24,2709.0,0.68
BAT018,REG04,2025-02-24,2147.0,0.86
BAT007,REG04,2025-02-25,1952.0,0.76
BAT032,REG04,2025-02-25,166.0,0.59
BAT038,REG04,2025-02-25,1903.0,0.24
BAT018,REG04,2025-02-27,1997.0,0.13
BAT035,REG04,2025-02-28,1891.0,0.86
BAT007,REG04,2025-02-28,1721.0,0.68
BAT018,REG04,2025-03-01,2086.0,
BAT008,REG04,2025-03-03,2925.0,0.78
BAT007,REG04,2025-03-03,416.0,0.19
BAT024,REG04,2025-03-03,702.0,0.24
BAT013,REG04,2025-03-04,961.0,0.48
BAT007,REG04,2025-03-04,1301.0,0.72
BAT008,REG04,2025-03-04,1925.0,0.89
BAT018,REG04,2025-03-05,352.0,
BAT039,REG04,05-03-2025,1037.0,0.72
BAT013,REG04,2025-03-07,1284.0,0.7
BAT025,REG04,2025-03-07,142.0,0.6
BAT032,REG04,2025-03-08,2297.0,0.83
BAT007,REG04,2025-03-09,1089.0,0.58
BAT032,REG04,2025-03-09,951.0,0.83
BAT038,REG04,2025-03-09,1298.0,0.62
BAT024,REG04,2025-03-10,1938.0,0.88
BAT038,REG04,2025-03-11,343.0,0.57
BAT008,REG04,2025-03-11,2973.0,
BAT038,REG04,2025-03-11,1193.0,2.29
BAT024,REG04,2025-03-11,2698.0,0.38
BAT018,REG04,2025-03-12,1102.0,0.88
BAT025,REG04,2025-03-12,1712.0,0.84
BAT019,REG04,2025-03-12,679.0,0.63
BAT013,REG04,2025-03-14,,0.67
BAT019,REG04,2025-03-14,1670.0,0.82
BAT008,REG04,2025-03-14,946.0,0.53
BAT018,REG04,2025-03-15,2405.0,0.78
BAT038,REG04,2025-03-15,2018.0,0.42
BAT024,REG04,2025-03-16,237.0,0.49
BAT013,REG04,2025/03/16,475.0,0.86
BAT038,REG04,2025-03-17,,0.26
BAT019,REG04,2025-03-17,586.0,
BAT007,REG04,2025-03-17,2229.0,0.83
BAT038,REG04,2025-03-18,2504.0,0.51
BAT035,REG04,2025-03-19,2786.0,0.24
BAT008,REG04,2025-03-19,1179.0,0.29
BAT032,REG04,2025-03-20,1765.0,0.67
BAT024,REG04,2025-03-20,101.0,
BAT013,REG04,2025-03-21,1139.0,0.56
BAT039,REG04,2025-03-21,2827.0,0.73
BAT032,REG04,2025-03-21,699.0,0.23
BAT039,REG04,2025-03-22,594.0,0.92
BAT019,REG04,2025-03-22,1847.0,0.13
BAT013,REG04,2025-03-22,636.0,0.93
BAT007,REG04,2025-03-23,389.0,0.71
BAT018,REG04,2025-03-23,1658.0,0.27
BAT035,REG04,2025-03-24,468.0,0.13
BAT019,REG04,2025-03-24,123.0,0.76
BAT008,REG04,2025-03-24,2713.0,0.4
BAT035,REG04,2025-03-25,1684.0,0.5
BAT024,REG04,2025-03-26,2929.0,
BAT008,REG04,2025-03-26,1072.0,0.82
BAT007,REG04,2025-03-27,1837.0,0.25
BAT025,REG04,2025-03-27,875.0,2.05
BAT018,REG04,2025-03-27,599.0,0.32
BAT013,REG04,2025-03-27,1539.0,0.74
BAT007,REG04,2025-03-28,,0.23
BAT018,REG04,2025-03-29,,0.33
BAT038,REG04,2025-03-29,1801.0,0.2
BAT024,REG04,2025-03-30,1987.0,0.55
BAT039,REG05,2025-01-01,2891.0,0.14
BAT030,REG05,2025-01-02,2499.0,0.24
BAT017,REG05,2025-01-02,785.0,0.57
BAT021,REG05,2025-01-03,870.0,0.85
BAT005,REG05,2025-01-03,1984.0,
BAT030,REG05,2025-01-03,1582.0,0.3
BAT025,REG05,2025-01-03,2262.0,0.48
BAT033,REG05,2025-01-03,,0.92
BAT023,REG05,2025-01-03,2801.0,0.69
BAT021,REG05,2025-01-03,1035.0,0.79
BAT033,REG05,2025-01-04,652.0,0.84
BAT019,REG05,2025-01-04,442.0,0.5
BAT020,REG05,2025-01-05,2617.0,0.43
BAT005,REG05,2025-01-05,2306.0,0.22
BAT010,REG05,2025-01-06,2553.0,0.57
BAT009,REG05,2025-01-06,1812.0,0.18
BAT023,REG05,2025-01-07,1143.0,0.61
BAT025,REG05,2025-01-07,2870.0,0.73
BAT015,REG05,2025-01-07,1047.0,0.73
BAT010,REG05,2025-01-08,2866.0,0.5
BAT033,REG05,2025-01-08,1055.0,0.65
BAT033,REG05,2025-01-08,1641.0,0.54
BAT039,REG05,2025-01-08,891.0,0.2
BAT025,REG05,2025-01-08,1076.0,0.19
BAT030,REG05,2025-01-09,,0.38
BAT037,REG05,2025-01-09,2895.0,0.83
BAT025,REG05,2025-01-09,2243.0,
BAT037,REG05,2025-01-10,579.0,0.69
BAT010,REG05,2025-01-10,1376.0,0.11
BAT010,REG05,2025-01-10,112.0,0.1
BAT030,REG05,2025-01-10,1974.0,0.77
BAT023,REG05,2025-01-10,568.0,0.56
BAT015,REG05,2025-01-10,675.0,0.49
BAT033,REG05,2025-01-11,191.0,0.32
BAT017,REG05,2025-01-11,737.0,0.75
BAT009,REG05,11.01.2025,155.0,0.7
BAT033,REG05,2025-01-11,1581.0,0.8
BAT033,REG05,2025-01-12,244.0,0.46
BAT009,REG05,2025-01-13,722.0,0.37
BAT010,REG05,2025-01-14,2284.0,1.38
BAT015,REG05,2025-01-14,1732.0,0.91
BAT017,REG05,2025-01-14,2797.0,0.78
BAT017,REG05,2025-01-14,1237.0,0.44
BAT010,REG05,2025-01-16,572.0,0.17
BAT021,REG05,2025-01-16,907.0,0.71
BAT025,REG05,2025-01-17,2115.0,0.75
BAT005,REG05,2025-01-18,1114.0,0.81
BAT025,REG05,2025-01-18,2128.0,0.35
BAT023,REG05,2025-01-18,1474.0,0.22
BAT020,REG05,2025-01-19,463.0,0.51
BAT025,REG05,2025-01-19,387.0,0.25
BAT020,REG05,2025-01-19,1401.0,0.79
BAT019,REG05,2025-01-19,2822.0,0.94
BAT037,REG05,2025-01-20,2220.0,0.8
BAT015,REG05,"Jan 20, 2025",2970.0,0.91
BAT015,REG05,2025-01-20,346.0,0.57
BAT019,REG05,2025-01-21,523.0,0.24
BAT012,REG05,2025-01-21,665.0,0.57
BAT025,REG05,2025-01-22,516.0,0.68
BAT015,REG05,2025-01-22,2724.0,0.38
BAT019,REG05,2025-01-22,1029.0,0.88
BAT039,REG05,2025-01-22,326.0,0.59
BAT039,REG05,2025-01-22,176.0,
BAT012,REG05,2025-01-23,1916.0,0.25
BAT039,REG05,2025-01-24,2603.0,0.84
BAT030,REG05,2025-01-25,,0.65
BAT001,REG05,2025-01-25,916.0,0.26
BAT001,REG05,2025-01-26,340.0,0.2
BAT023,REG05,2025-01-28,913.0,0.47
BAT037,REG05,2025-01-28,1641.0,0.38
BAT019,REG05,2025-01-28,,0.84
BAT033,REG05,2025-01-29,2253.0,0.44
BAT010,REG05,2025-01-29,1711.0,0.69
BAT015,REG05,2025-01-29,2466.0,0.44
BAT015,REG05,2025-01-31,879.0,0.34
BAT021,REG05,2025-02-01,2869.0,0.31
BAT017,REG05,2025/02/02,2776.0,0.31
BAT012,REG05,2025-02-02,1050.0,0.52
BAT025,REG05,2025-02-02,2965.0,0.37
BAT012,REG05,2025-02-03,1468.0,0.92
BAT023,REG05,2025-02-04,1183.0,0.74
BAT039,REG05,2025-02-04,2798.0,
BAT025,REG05,2025-02-04,753.0,0.77
BAT017,REG05,2025-02-05,2959.0,0.11
BAT033,REG05,2025-02-05,1593.0,0.8
BAT010,REG05,2025-02-06,1551.0,2.11
BAT033,REG05,2025-02-07,398.0,0.48
BAT033,REG05,2025-02-07,1313.0,0.85
BAT012,REG05,2025-02-07,1335.0,0.36
BAT020,REG05,2025-02-08,1625.0,0.66
BAT009,REG05,2025-02-09,974.0,0.47
BAT023,REG05,2025-02-10,893.0,0.89
BAT023,REG05,2025-02-10,2223.0,0.32
BAT020,REG05,2025-02-11,900.0,0.3
BAT019,REG05,2025-02-11,1778.0,0.25
BAT005,REG05,2025-02-12,,0.54
BAT030,REG05,2025-02-12,1392.0,0.52
BAT010,REG05,2025-02-12,2040.0,0.57
BAT025,REG05,2025-02-12,1584.0,0.91
BAT019,REG05,2025-02-13,2717.0,1.29
BAT030,REG05,2025-02-13,2946.0,0.7
BAT017,REG05,2025-02-13,762.0,0.65
BAT017,REG05,2025-02-14,1264.0,0.58
BAT009,REG05,2025-02-15,1229.0,0.14
BAT023,REG05,2025-02-15,381.0,0.73
BAT039,REG05,2025-02-16,,0.36
BAT020,REG05,2025-02-17,2576.0,0.78
BAT037,REG05,2025-02-18,2180.0,0.94
BAT005,REG05,2025-02-18,,0.75
BAT023,REG05,2025-02-20,797.0,0.82
BAT030,REG05,2025-02-20,1081.0,0.16
BAT001,REG05,2025-02-20,2640.0,0.67
BAT001,REG05,2025-02-20,1760.0,0.84
BAT020,REG05,2025-02-21,2835.0,0.91
BAT021,REG05,2025-02-21,670.0,0.73
BAT039,REG05,2025-02-22,2808.0,0.71
BAT001,REG05,2025-02-22,2522.0,0.41
BAT025,REG05,2025-02-23,2790.0,0.95
BAT033,REG05,2025-02-25,2955.0,0.76
BAT005,REG05,2025-02-25,1198.0,0.86
BAT005,REG05,2025-02-26,1052.0,0.93
BAT039,REG05,2025-02-26,581.0,0.32
BAT019,REG05,2025-02-27,676.0,0.42
BAT019,REG05,2025-02-27,297.0,0.35
BAT005,REG05,2025-02-27,172.0,0.44
BAT021,REG05,2025-02-27,2775.0,0.83
BAT030,REG05,2025-02-27,1099.0,
BAT005,REG05,2025-02-28,1783.0,0.51
BAT030,REG05,2025-03-01,144.0,0.26
BAT017,REG05,2025-03-02,1621.0,0.85
BAT015,REG05,03/02/2025,2444.0,0.21
BAT009,REG05,2025-03-03,475.0,0.86
BAT021,REG05,2025-03-04,264.0,0.58
BAT012,REG05,2025-03-05,2875.0,0.79
BAT001,REG05,2025-03-06,1061.0,0.16
BAT012,REG05,2025-03-07,2484.0,0.67
BAT039,REG05,2025-03-08,1585.0,0.58
BAT001,REG05,2025-03-08,1072.0,0.94
BAT030,REG05,2025-03-08,2661.0,0.26
BAT019,REG05,2025-03-09,2346.0,0.52
BAT019,REG05,2025-03-09,437.0,0.38
BAT001,REG05,2025-03-09,277.0,0.91
BAT010,REG05,2025-03-10,1191.0,0.36
BAT023,REG05,2025-03-11,1299.0,0.34
BAT021,REG05,2025-03-11,2141.0,0.12
BAT017,REG05,2025-03-11,1798.0,0.5
BAT039,REG05,2025-03-12,2665.0,0.4
BAT025,REG05,2025-03-13,831.0,
BAT010,REG05,2025-03-13,1002.0,0.41
BAT023,REG05,2025-03-13,2499.0,0.23
BAT005,REG05,2025-03-13,1896.0,0.9
BAT017,REG05,2025-03-14,1222.0,0.86
BAT025,REG05,2025-03-14,2272.0,0.12
BAT025,REG05,2025-03-15,2139.0,0.4
BAT033,REG05,2025-03-15,909.0,
BAT015,REG05,2025-03-16,1401.0,0.14
BAT021,REG05,2025-03-16,1863.0,0.65
BAT023,REG05,2025-03-16,2061.0,
BAT010,REG05,2025-03-16,1361.0,0.68
BAT017,REG05,2025-03-16,1301.0,0.5
BAT019,REG05,2025-03-17,549.0,0.92
BAT019,REG05,2025-03-17,2649.0,0.1
BAT019,REG05,2025-03-17,2098.0,
BAT019,REG05,2025-03-17,1033.0,0.86
BAT023,REG05,2025-03-17,2028.0,0.46
BAT039,REG05,2025-03-18,2667.0,0.89
BAT017,REG05,2025-03-18,1902.0,0.8
BAT021,REG05,2025-03-19,,0.79
BAT009,REG05,2025-03-19,,0.33
BAT017,REG05,2025-03-19,1502.0,0.67
BAT005,REG05,2025-03-19,2983.0,0.65
BAT030,REG05,2025-03-19,2914.0,0.69
BAT023,REG05,2025-03-19,820.0,0.18
BAT012,REG05,2025-03-19,182.0,0.16
BAT017,REG05,2025-03-21,1373.0,0.16
BAT009,REG05,2025-03-21,1635.0,0.47
BAT020,REG05,2025-03-21,1536.0,0.82
BAT012,REG05,2025-03-21,1908.0,0.75
BAT025,REG05,2025-03-21,2270.0,0.81
BAT005,REG05,2025-03-23,2191.0,0.33
BAT019,REG05,2025-03-23,1912.0,0.25
BAT009,REG05,2025-03-24,386.0,0.19
BAT012,REG05,2025-03-25,2734.0,1.13
BAT017,REG05,2025-03-26,765.0,0.93
BAT017,REG05,2025-03-26,1534.0,0.43
BAT005,REG05,2025-03-26,772.0,0.21
BAT033,REG05,2025-03-26,2405.0,0.78
BAT017,REG05,2025-03-26,1186.0,0.84
BAT009,REG05,2025-03-26,2501.0,0.95
BAT030,REG05,2025-03-27,1534.0,0.44
BAT030,REG05,2025-03-27,1717.0,0.89
BAT001,REG05,2025-03-27,1282.0,
BAT017,REG05,2025-03-27,1563.0,1.35
BAT019,REG05,2025-03-29,1455.0,0.74
BAT005,REG05,2025-03-30,,0.14
BAT020,REG05,2025-03-30,306.0,0.29
BAT030,REG05,"Mar 31, 2025",2867.0,0.82
BAT025,REG05,2025-03-31,874.0,0.3
BAT005,REG05,2025-03-31,1187.0,0.58
BAT009,REG05,2025-03-31,1478.0,0.63
BAT031,REG06,2025-01-01,889.0,0.79
BAT024,REG06,2025-01-01,2305.0,0.88
BAT034,REG06,2025-01-01,2989.0,0.85
BAT034,REG06,2025-01-01,2065.0,0.27
BAT012,REG06,2025-01-02,1114.0,0.16
BAT031,REG06,2025-01-02,345.0,0.92
BAT024,REG06,2025-01-02,2203.0,0.68
BAT014,REG06,2025-01-03,1462.0,0.31
BAT026,REG06,2025-01-03,1583.0,0.64
BAT026,REG06,2025-01-04,,0.31
BAT028,REG06,2025-01-06,1196.0,0.34
BAT026,REG06,2025-01-06,1117.0,0.11
BAT011,REG06,01/08/2025,599.0,0.93
BAT024,REG06,2025-01-08,342.0,1.53
BAT028,REG06,2025-01-08,910.0,0.34
BAT014,REG06,2025-01-08,310.0,0.72
BAT016,REG06,2025-01-08,1494.0,0.25
BAT018,REG06,2025-01-09,1862.0,0.8
BAT018,REG06,2025-01-09,1561.0,0.89
BAT021,REG06,2025-01-09,,0.84
BAT036,REG06,2025-01-10,1307.0,0.79
BAT012,REG06,2025-01-10,2159.0,0.62
BAT018,REG06,2025-01-10,652.0,
BAT034,REG06,2025-01-11,1614.0,0.38
BAT012,REG06,2025-01-11,1251.0,0.88
BAT018,REG06,2025-01-12,2175.0,0.11
BAT022,REG06,2025-01-12,1661.0,0.86
BAT024,REG06,2025-01-13,1053.0,0.69
BAT026,REG06,2025-01-13,2890.0,0.77
BAT022,REG06,2025-01-13,328.0,0.16
BAT021,REG06,2025-01-13,,0.7
BAT016,REG06,2025-01-14,1345.0,0.3
BAT024,REG06,2025-01-14,2350.0,0.75
BAT018,REG06,2025-01-14,2028.0,0.88
BAT021,REG06,2025-01-15,1150.0,0.34
BAT028,REG06,2025-01-15,1196.0,0.53
BAT016,REG06,2025-01-15,2017.0,0.35
BAT024,REG06,"Jan 16, 2025",1904.0,0.18
BAT018,REG06,2025-01-16,2311.0,0.92
BAT018,REG06,2025-01-18,2049.0,0.75
BAT034,REG06,2025-01-18,2412.0,0.72
BAT018,REG06,2025-01-19,1335.0,0.9
BAT021,REG06,2025-01-20,1277.0,0.94
BAT026,REG06,2025-01-21,236.0,0.17
BAT024,REG06,2025-01-21,2243.0,0.48
BAT028,REG06,2025-01-21,2027.0,0.95
BAT028,REG06,2025-01-23,1292.0,0.64
BAT024,REG06,2025-01-24,2262.0,0.56
BAT026,REG06,2025-01-24,1670.0,0.25
BAT016,REG06,2025-01-25,733.0,0.26
BAT026,REG06,2025-01-25,1420.0,0.29
BAT021,REG06,2025-01-25,2845.0,0.19
BAT040,REG06,2025-01-26,1427.0,0.62
BAT024,REG06,2025-01-26,969.0,0.65
BAT031,REG06,2025-01-26,2699.0,0.75
BAT036,REG06,2025-01-26,397.0,0.48
BAT012,REG06,2025-01-26,2238.0,0.7
BAT016,REG06,2025-01-28,2948.0,0.3
BAT040,REG06,2025-01-28,1562.0,0.77
BAT026,REG06,2025-01-29,2140.0,
BAT014,REG06,2025-01-29,790.0,0.43
BAT034,REG06,2025-01-29,2467.0,0.94
BAT026,REG06,2025-01-30,1600.0,0.49
BAT018,REG06,2025-01-31,1386.0,0.19
BAT016,REG06,2025-01-31,768.0,0.41
BAT024,REG06,2025-01-31,1784.0,0.64
BAT028,REG06,2025-01-31,1243.0,
BAT026,REG06,2025-02-01,680.0,0.44
BAT026,REG06,01-02-2025,1194.0,0.56
BAT016,REG06,2025-02-01,1248.0,0.57
BAT016,REG06,2025-02-01,2981.0,0.59
BAT014,REG06,2025-02-02,2738.0,0.58
BAT014,REG06,2025-02-02,1814.0,0.67
BAT014,REG06,2025-02-02,1055.0,1.14
BAT011,REG06,2025-02-03,1990.0,0.28
BAT024,REG06,2025-02-04,1854.0,0.19
BAT016,REG06,2025-02-04,1010.0,1.19
BAT022,REG06,2025-02-04,2875.0,
BAT014,REG06,2025-02-04,709.0,0.22
BAT014,REG06,2025-02-05,2778.0,0.78
BAT028,REG06,2025-02-06,2833.0,0.28
BAT016,REG06,2025-02-07,1239.0,
BAT018,REG06,08.02.2025,796.0,0.36
BAT031,REG06,2025-02-09,522.0,0.12
BAT031,REG06,2025-02-09,1638.0,0.31
BAT028,REG06,2025-02-10,,0.15
BAT040,REG06,2025-02-10,910.0,0.43
BAT016,REG06,2025-02-10,2610.0,0.32
BAT031,REG06,2025-02-10,,0.9
BAT034,REG06,2025-02-10,2732.0,0.86
BAT024,REG06,2025-02-11,2219.0,0.83
BAT036,REG06,2025-02-11,2928.0,0.76
BAT036,REG06,2025-02-11,2277.0,0.84
BAT018,REG06,2025-02-11,1154.0,0.67
BAT024,REG06,2025-02-11,1304.0,0.62
BAT034,REG06,2025-02-13,1253.0,0.92
BAT012,REG06,2025-02-13,2059.0,0.71
BAT011,REG06,2025-02-13,2342.0,0.37
BAT022,REG06,2025-02-14,,0.33
BAT026,REG06,2025-02-14,1481.0,0.28
BAT014,REG06,2025-02-15,1833.0,0.82
BAT040,REG06,2025-02-15,1098.0,
BAT024,REG06,2025-02-16,885.0,0.57
BAT028,REG06,2025-02-16,1977.0,0.38
BAT012,REG06,2025-02-16,2800.0,0.32
BAT040,REG06,2025-02-16,457.0,0.35
BAT034,REG06,2025-02-16,2316.0,0.58
BAT018,REG06,2025-02-16,1679.0,0.32
BAT028,REG06,2025-02-17,2011.0,0.6
BAT016,REG06,2025-02-17,2892.0,0.29
BAT036,REG06,2025-02-17,1786.0,
BAT040,REG06,2025-02-18,1093.0,0.55
BAT014,REG06,2025-02-18,2895.0,0.62
BAT028,REG06,2025-02-18,,0.91
BAT026,REG06,2025-02-18,2796.0,0.44
BAT024,REG06,2025-02-18,1439.0,0.59
BAT024,REG06,2025-02-19,2267.0,0.4
BAT024,REG06,2025-02-19,581.0,0.8
BAT026,REG06,2025-02-20,2938.0,0.71
BAT024,REG06,2025-02-21,1000.0,
BAT016,REG06,2025-02-21,1258.0,0.28
BAT014,REG06,2025-02-21,241.0,0.34
BAT016,REG06,2025-02-23,2817.0,0.41
BAT022,REG06,2025-02-23,616.0,0.47
BAT014,REG06,2025-02-27,2495.0,0.57
BAT036,REG06,2025-02-27,2511.0,0.72
BAT024,REG06,2025-02-27,190.0,0.84
BAT011,REG06,2025-02-28,2677.0,0.42
BAT040,REG06,2025-03-01,683.0,0.45
BAT021,REG06,2025-03-02,1994.0,0.58
BAT034,REG06,2025-03-02,2242.0,0.85
BAT031,REG06,2025-03-02,2581.0,0.63
BAT022,REG06,2025-03-02,,0.83
BAT022,REG06,2025-03-02,316.0,0.79
BAT011,REG06,2025-03-02,1559.0,0.83
BAT016,REG06,2025-03-03,2861.0,0.24
BAT011,REG06,2025-03-03,114.0,0.53
BAT012,REG06,2025-03-04,591.0,0.42
BAT028,REG06,2025-03-04,1359.0,0.57
BAT021,REG06,2025-03-04,744.0,0.66
BAT026,REG06,2025-03-04,328.0,0.88
BAT024,REG06,2025-03-05,989.0,0.49
BAT024,REG06,2025-03-06,1390.0,0.32
BAT011,REG06,2025-03-06,306.0,0.1
BAT016,REG06,2025-03-06,881.0,0.32
BAT014,REG06,2025-03-06,1442.0,0.52
BAT012,REG06,2025-03-06,629.0,0.89
BAT031,REG06,2025-03-07,1051.0,0.65
BAT031,REG06,2025-03-07,2985.0,0.4
BAT011,REG06,"Mar 07, 2025",2833.0,0.59
BAT040,REG06,2025-03-07,1916.0,0.78
BAT018,REG06,2025-03-08,2864.0,0.44
BAT018,REG06,2025-03-08,2377.0,0.92
BAT031,REG06,2025-03-09,2081.0,0.69
BAT021,REG06,2025-03-10,2371.0,0.45
BAT026,REG06,2025-03-13,977.0,0.37
BAT040,REG06,2025-03-14,1628.0,0.23
BAT028,REG06,2025-03-14,2535.0,0.25
BAT034,REG06,2025-03-14,309.0,0.12
BAT016,REG06,2025-03-14,2323.0,0.36
BAT021,REG06,2025-03-15,2597.0,0.62
BAT040,REG06,2025-03-15,2028.0,0.71
BAT040,REG06,2025-03-15,2783.0,0.69
BAT040,REG06,2025-03-16,2566.0,
BAT021,REG06,2025-03-17,2251.0,0.78
BAT026,REG06,2025-03-17,2490.0,0.92
BAT028,REG06,2025-03-17,1732.0,0.64
BAT034,REG06,2025-03-17,782.0,1.32
BAT016,REG06,2025-03-18,1710.0,0.85
BAT024,REG06,2025-03-18,2847.0,0.12
BAT011,REG06,2025-03-19,404.0,0.14
BAT040,REG06,2025-03-19,,0.93
BAT036,REG06,2025-03-19,1056.0,0.23
BAT011,REG06,2025-03-20,2838.0,0.26
BAT040,REG06,2025-03-20,2682.0,0.15
BAT028,REG06,2025-03-20,124.0,0.59
BAT014,REG06,2025-03-21,1978.0,1.53
BAT022,REG06,2025-03-21,537.0,0.15
BAT036,REG06,2025-03-22,1183.0,0.59
BAT018,REG06,2025-03-22,1516.0,0.59
BAT022,REG06,2025-03-22,2943.0,0.52
BAT018,REG06,2025-03-22,156.0,0.93
BAT031,REG06,2025-03-23,2175.0,0.88
BAT018,REG06,2025-03-23,1598.0,0.47
BAT026,REG06,2025-03-23,1334.0,
BAT021,REG06,2025-03-24,137.0,0.42
BAT012,REG06,2025-03-24,982.0,0.71
BAT021,REG06,2025-03-25,1221.0,0.45
BAT012,REG06,2025-03-25,1565.0,0.91
BAT014,REG06,2025-03-26,1722.0,0.17
BAT024,REG06,2025-03-26,163.0,0.23
BAT024,REG06,2025-03-27,2307.0,0.5
BAT014,REG06,2025-03-27,1091.0,0.74
BAT018,REG06,2025-03-27,183.0,0.64
BAT011,REG06,2025-03-27,1820.0,0.93
BAT040,REG06,2025-03-28,406.0,0.77
BAT028,REG06,2025-03-30,1623.0,0.37
BAT040,REG06,2025-03-31,668.0,0.55
BAT034,REG06,2025-03-31,,0.36
BAT018,REG06,2025-03-31,1453.0,0.71
